"A001","P001","D001","2026-09-25","10:00","Scheduled"
"A002","P002","D002","2026-09-25","11:00","Completed"
"A003","P001","D001","2026-09-30","09:00","Completed"
"A004","P003","D003","2026-09-26","09:30","Scheduled"
"A005","P004","D002","2026-09-26","12:00","Completed"
"A006","P005","D001","2026-09-27","10:30","Scheduled"
"A007","P006","D004","2026-09-27","15:00","Cancelled"
"A008","P007","D005","2026-10-01","11:30","Scheduled"
"A009","P001","D001","2026-09-25","10:15","Rescheduled"
"A010","P002","D004","2026-09-26","14:45","Completed"
"A011","P003","D007","2026-09-27","15:15","Scheduled"
"A012","P004","D010","2026-09-28","09:45","Scheduled"
"A013","P005","D013","2026-09-29","15:00","Scheduled"
"A014","P006","D016","2026-09-30","12:15","Completed"
"A015","P007","D019","2026-10-01","09:45","Scheduled"
"A016","P008","D022","2026-10-02","09:15","Completed"
"A017","P009","D025","2026-10-03","14:45","Scheduled"
"A018","P010","D028","2026-10-04","09:00","Completed"
"A019","P011","D031","2026-10-05","09:45","Scheduled"
"A020","P012","D034","2026-10-06","10:00","Scheduled"
"A021","P013","D037","2026-10-07","12:00","Scheduled"
"A022","P014","D040","2026-10-08","17:30","Completed"
"A023","P015","D043","2026-10-09","12:30","Scheduled"
"A024","P016","D046","2026-10-10","12:30","Rescheduled"
"A025","P017","D049","2026-10-11","15:00","Scheduled"
"A026","P018","D052","2026-10-12","17:30","Rescheduled"
"A027","P019","D055","2026-10-13","11:00","Cancelled"
"A028","P020","D058","2026-10-14","16:00","Completed"
"A029","P021","D061","2026-10-15","16:15","Completed"
"A030","P022","D064","2026-10-16","16:15","Scheduled"
"A031","P023","D067","2026-10-17","12:00","Rescheduled"
"A032","P024","D070","2026-10-18","13:45","Rescheduled"
"A033","P025","D073","2026-10-19","17:30","Scheduled"
"A034","P026","D076","2026-10-20","15:30","Scheduled"
"A035","P027","D079","2026-10-21","17:00","Cancelled"
"A036","P028","D082","2026-10-22","17:45","Completed"
"A037","P029","D085","2026-10-23","16:30","Cancelled"
"A038","P030","D088","2026-10-24","11:00","Scheduled"
"A039","P031","D091","2026-10-25","16:15","Cancelled"
"A040","P032","D094","2026-10-26","09:30","Cancelled"
"A041","P033","D097","2026-10-27","17:00","Scheduled"
"A042","P034","D100","2026-10-28","09:00","Cancelled"
"A043","P035","D003","2026-10-29","14:15","Cancelled"
"A044","P036","D006","2026-10-30","10:15","Completed"
"A045","P037","D009","2026-10-31","10:00","Completed"
"A046","P038","D012","2026-10-32","11:45","Completed"
"A047","P039","D015","2026-10-33","11:00","Scheduled"
"A048","P040","D018","2026-10-34","16:30","Completed"
"A049","P041","D021","2026-10-35","13:30","Scheduled"
"A050","P042","D024","2026-10-36","17:30","Completed"
"A051","P043","D027","2026-10-37","17:30","Cancelled"
"A052","P044","D030","2026-10-38","17:30","Scheduled"
"A053","P045","D033","2026-10-39","09:15","Completed"
"A054","P046","D036","2026-09-25","10:30","Scheduled"
"A055","P047","D039","2026-09-26","13:45","Scheduled"
"A056","P048","D042","2026-09-27","10:15","Scheduled"
"A057","P049","D045","2026-09-28","17:15","Cancelled"
"A058","P050","D048","2026-09-29","10:45","Completed"
"A059","P051","D051","2026-09-30","14:15","Completed"
"A060","P052","D054","2026-10-01","14:30","Rescheduled"
"A061","P053","D057","2026-10-02","12:00","Scheduled"
"A062","P054","D060","2026-10-03","10:45","Scheduled"
"A063","P055","D063","2026-10-04","10:30","Scheduled"
"A064","P056","D066","2026-10-05","17:45","Rescheduled"
"A065","P057","D069","2026-10-06","11:15","Completed"
"A066","P058","D072","2026-10-07","13:15","Scheduled"
"A067","P059","D075","2026-10-08","17:45","Cancelled"
"A068","P060","D078","2026-10-09","17:00","Completed"
"A069","P061","D081","2026-10-10","12:00","Rescheduled"
"A070","P062","D084","2026-10-11","17:00","Rescheduled"
"A071","P063","D087","2026-10-12","12:00","Scheduled"
"A072","P064","D090","2026-10-13","13:00","Completed"
"A073","P065","D093","2026-10-14","12:15","Rescheduled"
"A074","P066","D096","2026-10-15","17:15","Rescheduled"
"A075","P067","D099","2026-10-16","16:15","Scheduled"
"A076","P068","D002","2026-10-17","12:00","Cancelled"
"A077","P069","D005","2026-10-18","11:00","Completed"
"A078","P070","D008","2026-10-19","17:30","Scheduled"
"A079","P071","D011","2026-10-20","09:45","Scheduled"
"A080","P072","D014","2026-10-21","15:15","Cancelled"
"A081","P073","D017","2026-10-22","15:15","Completed"
"A082","P074","D020","2026-10-23","16:00","Scheduled"
"A083","P075","D023","2026-10-24","16:15","Scheduled"
"A084","P076","D026","2026-10-25","11:15","Cancelled"
"A085","P077","D029","2026-10-26","15:45","Rescheduled"
"A086","P078","D032","2026-10-27","10:15","Cancelled"
"A087","P079","D035","2026-10-28","09:00","Rescheduled"
"A088","P080","D038","2026-10-29","13:15","Completed"
"A089","P081","D041","2026-10-30","09:30","Scheduled"
"A090","P082","D044","2026-10-31","13:30","Cancelled"
"A091","P083","D047","2026-10-32","15:15","Completed"
"A092","P084","D050","2026-10-33","16:45","Scheduled"
"A093","P085","D053","2026-10-34","17:15","Scheduled"
"A094","P086","D056","2026-10-35","15:45","Cancelled"
"A095","P087","D059","2026-10-36","14:30","Scheduled"
"A096","P088","D062","2026-10-37","10:15","Completed"
"A097","P089","D065","2026-10-38","14:00","Rescheduled"
"A098","P090","D068","2026-10-39","16:00","Cancelled"
"A099","P091","D071","2026-09-25","10:30","Rescheduled"
"A100","P092","D074","2026-09-26","15:15","Cancelled"
