"BD001","Rahim","O+","25","01700000000","Dhaka","true"
"BD002","Karim","A+","30","01800000000","Dhaka","false"
"BD003","Jashim Uddin","B+","28","01900000000","Sylhet","true"
"BD004","Shirin Akter","O-","24","01500000000","Khulna","true"
"BD005","Nayeem Islam","AB+","35","01600000000","Rajshahi","false"
"BD006","Mahmud Ahmed","A+","41","01040123774","Khulna","true"
"BD007","Fatema Bhuiyan","A+","44","01662251294","Mymensingh","false"
"BD008","Tanvir Hasan","AB+","58","01233892422","Cumilla","true"
"BD009","Sharmin Majumder","B-","21","01613715749","Rajshahi","true"
"BD010","Rafik Sikder","B-","26","01900901898","Barishal","false"
"BD011","Nusrat Uddin","O-","35","01082593150","Mymensingh","true"
"BD012","Jahid Parvez","A+","51","01678152394","Khulna","true"
"BD013","Shirin Bhuiyan","A-","51","01780928470","Cumilla","true"
"BD014","Sabbir Karmakar","AB-","27","01313259760","Dhaka","true"
"BD015","Salma Majumder","AB-","50","01886326664","Narayanganj","true"
"BD016","Nasir Ahmed","A-","27","01101801187","Rajshahi","true"
"BD017","Nazma Uddin","B-","57","01180474708","Khulna","true"
"BD018","Faruk Hasan","O-","32","01693697263","Mymensingh","false"
"BD019","Rupa Bhuiyan","O-","53","01086723976","Sylhet","false"
"BD020","Shakil Sikder","AB+","38","01908955862","Sylhet","false"
"BD021","Mitu Majumder","AB-","31","01111548425","Cumilla","false"
"BD022","Rakib Parvez","O+","53","01018166237","Sylhet","false"
"BD023","Shila Uddin","A+","53","01464231547","Rangpur","true"
"BD024","Sohel Karmakar","O-","40","01025463065","Chittagong","false"
"BD025","Rebeka Bhuiyan","A+","23","01227310571","Rajshahi","true"
"BD026","Rubel Ahmed","A+","49","01098389752","Rajshahi","true"
"BD027","Roksana Majumder","B+","32","01221451308","Chittagong","false"
"BD028","Kamal Hasan","O-","20","01178205381","Sylhet","true"
"BD029","Parvin Uddin","O+","30","01028990953","Rangpur","true"
"BD030","Jashim Sikder","O+","25","01106992165","Cumilla","true"
"BD031","Kohinoor Bhuiyan","B-","27","01306572396","Chittagong","true"
"BD032","Nayeem Parvez","O-","47","01981473604","Narayanganj","true"
"BD033","Munni Majumder","AB+","23","01678444126","Rangpur","true"
"BD034","Emon Karmakar","O-","18","01052361628","Sylhet","false"
"BD035","Tania Uddin","AB-","57","01886219164","Chittagong","true"
"BD036","Milon Ahmed","O+","22","01807490866","Chittagong","true"
"BD037","Sultana Bhuiyan","A-","19","01294461161","Barishal","true"
"BD038","Rashed Hasan","AB-","19","01830414776","Narayanganj","true"
"BD039","Jasmin Majumder","O+","41","01039180787","Dhaka","true"
"BD040","Arif Sikder","O-","22","01689022796","Khulna","true"
"BD041","Rumi Uddin","AB-","40","01133525347","Rangpur","true"
"BD042","Mizan Parvez","O+","40","01674734571","Mymensingh","false"
"BD043","Lima Bhuiyan","O+","59","01223066045","Khulna","true"
"BD044","Imran Karmakar","AB+","31","01088256593","Dhaka","false"
"BD045","Nipa Majumder","O-","54","01972797214","Dhaka","true"
"BD046","Shuvo Ahmed","O+","27","01984628640","Mymensingh","true"
"BD047","Moushumi Uddin","B+","41","01580575260","Chittagong","true"
"BD048","Tuhin Hasan","A+","50","01497765084","Cumilla","true"
"BD049","Popy Bhuiyan","A-","55","01487554538","Dhaka","false"
"BD050","Fahim Sikder","A+","28","01148341340","Barishal","true"
"BD051","Sadia Majumder","A-","57","01629836021","Rangpur","true"
"BD052","Nabil Parvez","B+","44","01862927395","Cumilla","false"
"BD053","Toma Uddin","A-","59","01544815501","Chittagong","false"
"BD054","Ashraf Karmakar","AB+","46","01117338960","Rajshahi","true"
"BD055","Mim Bhuiyan","B+","18","01928605434","Barishal","false"
"BD056","Sadik Ahmed","A-","28","01207010285","Chittagong","true"
"BD057","Rima Majumder","O-","39","01372179776","Rajshahi","true"
"BD058","Tarik Hasan","O-","46","01710871896","Khulna","true"
"BD059","Nodi Uddin","B+","42","01102757876","Chittagong","true"
"BD060","Jubayer Sikder","A+","37","01865330257","Chittagong","true"
"BD061","Puja Bhuiyan","AB-","43","01042888434","Sylhet","true"
"BD062","Anik Parvez","A+","57","01797895316","Rangpur","true"
"BD063","Sathi Majumder","B-","42","01936598668","Khulna","true"
"BD064","Sajid Karmakar","O-","55","01259619772","Cumilla","true"
"BD065","Bithi Uddin","AB+","27","01652079488","Khulna","false"
"BD066","Rifat Ahmed","B+","55","01272579863","Mymensingh","false"
"BD067","Keya Bhuiyan","A-","23","01073625354","Barishal","true"
"BD068","Faysal Hasan","A+","56","01481818220","Rangpur","false"
"BD069","Anika Majumder","AB+","57","01402818674","Dhaka","true"
"BD070","Mamun Sikder","B-","58","01142200895","Barishal","true"
"BD071","Farhana Uddin","B+","51","01846565674","Sylhet","true"
"BD072","Sumon Parvez","O+","49","01262162009","Sylhet","true"
"BD073","Sohana Bhuiyan","A+","45","01151319249","Cumilla","true"
"BD074","Bashir Karmakar","A+","54","01485068688","Barishal","false"
"BD075","Nilufa Majumder","A-","51","01332695768","Mymensingh","true"
"BD076","Habib Ahmed","B+","35","01588325459","Dhaka","false"
"BD077","Rahima Uddin","O+","30","01713844478","Barishal","true"
"BD078","Rafiq Hasan","AB+","38","01923186219","Sylhet","true"
"BD079","Shapla Bhuiyan","A-","20","01752591395","Mymensingh","true"
"BD080","Jamal Sikder","O+","54","01329846270","Mymensingh","true"
"BD081","Julekha Majumder","B-","36","01116510269","Barishal","true"
"BD082","Sharif Parvez","B+","41","01810678819","Cumilla","true"
"BD083","Feroza Uddin","AB+","41","01941941033","Sylhet","true"
"BD084","Nazrul Karmakar","O+","27","01419670277","Rangpur","true"
"BD085","Asma Bhuiyan","B-","50","01051725719","Dhaka","true"
"BD086","Alamgir Ahmed","B-","31","01990362459","Cumilla","true"
"BD087","Runa Majumder","O-","42","01207525417","Rangpur","false"
"BD088","Romel Hasan","AB-","59","01207217350","Mymensingh","false"
"BD089","Bokul Uddin","B-","21","01095403101","Mymensingh","true"
"BD090","Shahin Sikder","A+","36","01005916226","Khulna","true"
"BD091","Lipi Bhuiyan","O+","51","01125619182","Khulna","false"
"BD092","Utpal Parvez","AB+","54","01415124337","Khulna","true"
"BD093","Prova Majumder","A-","42","01680954968","Mymensingh","true"
"BD094","Apurbo Karmakar","AB+","25","01142394453","Narayanganj","true"
"BD095","Shanta Uddin","B+","26","01564381868","Barishal","true"
"BD096","Noyon Ahmed","A-","51","01296758940","Barishal","false"
"BD097","Mukta Bhuiyan","A-","58","01207339439","Chittagong","true"
"BD098","Jahir Hasan","O+","56","01798782330","Cumilla","false"
"BD099","Dalia Majumder","AB+","28","01577724259","Rajshahi","false"
"BD100","Abdul Rahman Sikder","O-","57","01261528566","Narayanganj","true"
