"L001","P001","T001","2026-09-20","Normal","Completed"
"L002","P002","T002","2026-09-21","12.5 mmol/L","Completed"
"L003","P003","T003","2026-09-22","Normal","Completed"
"L004","P005","T004","2026-09-23","Elevated LDL","Completed"
"L005","P001","T001","2026-09-25","Elevated","Pending"
"L006","P002","T003","2026-09-26","Critical","Completed"
"L007","P003","T005","2026-09-27","Within range","Completed"
"L008","P004","T007","2026-09-28","Positive","Completed"
"L009","P005","T009","2026-09-29","Within range","Completed"
"L010","P006","T011","2026-09-30","Within range","Pending"
"L011","P007","T013","2026-10-01","Positive","Completed"
"L012","P008","T015","2026-10-02","Borderline","Completed"
"L013","P009","T017","2026-10-03","Critical","Completed"
"L014","P010","T019","2026-10-04","Elevated","Completed"
"L015","P011","T021","2026-10-05","Negative","Pending"
"L016","P012","T023","2026-10-06","Negative","Completed"
"L017","P013","T025","2026-10-07","Low","Completed"
"L018","P014","T027","2026-10-08","Low","Completed"
"L019","P015","T029","2026-10-09","Positive","Completed"
"L020","P016","T031","2026-10-10","Positive","Pending"
"L021","P017","T033","2026-10-11","Critical","Completed"
"L022","P018","T035","2026-10-12","Normal","Completed"
"L023","P019","T037","2026-10-13","Within range","Completed"
"L024","P020","T039","2026-10-14","Low","Completed"
"L025","P021","T041","2026-10-15","Negative","Pending"
"L026","P022","T043","2026-10-16","Negative","Completed"
"L027","P023","T045","2026-10-17","Elevated","Completed"
"L028","P024","T047","2026-10-18","Elevated","Completed"
"L029","P025","T049","2026-10-19","Borderline","Completed"
"L030","P026","T051","2026-10-20","Within range","Pending"
"L031","P027","T053","2026-10-21","Within range","Completed"
"L032","P028","T055","2026-10-22","Critical","Completed"
"L033","P029","T057","2026-10-23","Critical","Completed"
"L034","P030","T059","2026-10-24","Elevated","Completed"
"L035","P031","T061","2026-09-25","Within range","Pending"
"L036","P032","T063","2026-09-26","Borderline","Completed"
"L037","P033","T065","2026-09-27","Normal","Completed"
"L038","P034","T067","2026-09-28","Normal","Completed"
"L039","P035","T069","2026-09-29","Borderline","Completed"
"L040","P036","T071","2026-09-30","Low","Pending"
"L041","P037","T073","2026-10-01","Borderline","Completed"
"L042","P038","T075","2026-10-02","Elevated","Completed"
"L043","P039","T077","2026-10-03","Negative","Completed"
"L044","P040","T079","2026-10-04","Borderline","Completed"
"L045","P041","T081","2026-10-05","Low","Pending"
"L046","P042","T083","2026-10-06","Within range","Completed"
"L047","P043","T085","2026-10-07","Elevated","Completed"
"L048","P044","T087","2026-10-08","Negative","Completed"
"L049","P045","T089","2026-10-09","Negative","Completed"
"L050","P046","T091","2026-10-10","Negative","Pending"
"L051","P047","T093","2026-10-11","Negative","Completed"
"L052","P048","T095","2026-10-12","Within range","Completed"
"L053","P049","T097","2026-10-13","Critical","Completed"
"L054","P050","T099","2026-10-14","Normal","Completed"
"L055","P051","T001","2026-10-15","Within range","Pending"
"L056","P052","T003","2026-10-16","Within range","Completed"
"L057","P053","T005","2026-10-17","Low","Completed"
"L058","P054","T007","2026-10-18","Elevated","Completed"
"L059","P055","T009","2026-10-19","Elevated","Completed"
"L060","P056","T011","2026-10-20","Elevated","Pending"
"L061","P057","T013","2026-10-21","Critical","Completed"
"L062","P058","T015","2026-10-22","Low","Completed"
"L063","P059","T017","2026-10-23","Positive","Completed"
"L064","P060","T019","2026-10-24","Borderline","Completed"
"L065","P061","T021","2026-09-25","Low","Pending"
"L066","P062","T023","2026-09-26","Low","Completed"
"L067","P063","T025","2026-09-27","Positive","Completed"
"L068","P064","T027","2026-09-28","Positive","Completed"
"L069","P065","T029","2026-09-29","Borderline","Completed"
"L070","P066","T031","2026-09-30","Elevated","Pending"
"L071","P067","T033","2026-10-01","Elevated","Completed"
"L072","P068","T035","2026-10-02","Elevated","Completed"
"L073","P069","T037","2026-10-03","Critical","Completed"
"L074","P070","T039","2026-10-04","Low","Completed"
"L075","P071","T041","2026-10-05","Elevated","Pending"
"L076","P072","T043","2026-10-06","Negative","Completed"
"L077","P073","T045","2026-10-07","Low","Completed"
"L078","P074","T047","2026-10-08","Within range","Completed"
"L079","P075","T049","2026-10-09","Normal","Completed"
"L080","P076","T051","2026-10-10","Low","Pending"
"L081","P077","T053","2026-10-11","Elevated","Completed"
"L082","P078","T055","2026-10-12","Critical","Completed"
"L083","P079","T057","2026-10-13","Normal","Completed"
"L084","P080","T059","2026-10-14","Low","Completed"
"L085","P081","T061","2026-10-15","Critical","Pending"
"L086","P082","T063","2026-10-16","Low","Completed"
"L087","P083","T065","2026-10-17","Low","Completed"
"L088","P084","T067","2026-10-18","Normal","Completed"
"L089","P085","T069","2026-10-19","Elevated","Completed"
"L090","P086","T071","2026-10-20","Elevated","Pending"
"L091","P087","T073","2026-10-21","Critical","Completed"
"L092","P088","T075","2026-10-22","Negative","Completed"
"L093","P089","T077","2026-10-23","Positive","Completed"
"L094","P090","T079","2026-10-24","Normal","Completed"
"L095","P091","T081","2026-09-25","Negative","Pending"
"L096","P092","T083","2026-09-26","Within range","Completed"
"L097","P093","T085","2026-09-27","Borderline","Completed"
"L098","P094","T087","2026-09-28","Negative","Completed"
"L099","P095","T089","2026-09-29","Borderline","Completed"
"L100","P096","T091","2026-09-30","Elevated","Pending"
