"R001","P001","D001","2026-09-20","Fever","Paracetamol","Follow up after 3 days"
"R002","P002","D002","2026-09-21","Hypertension","Losartan 50 mg","Check BP daily"
"R003","P003","D003","2026-09-22","Diabetes","Metformin 500 mg","Monitor blood sugar"
"R004","P004","D004","2026-09-23","Asthma","Salbutamol Inhaler","Avoid dust and pollen"
"R005","P001","D001","2026-09-25","Depression","Paracetamol 500 mg","Follow up after 14 days"
"R006","P002","D004","2026-09-26","Conjunctivitis","Aspirin 75 mg","Follow up after 7 days"
"R007","P003","D007","2026-09-27","Migraine","Omeprazole 20 mg","Follow up after 14 days"
"R008","P004","D010","2026-09-28","Conjunctivitis","Napa 500 mg","Follow up after 5 days"
"R009","P005","D013","2026-09-29","Jaundice","Amoxicillin 500 mg","Follow up after 14 days"
"R010","P006","D016","2026-09-30","Dengue Fever","Azithromycin 500 mg","Follow up after 3 days"
"R011","P007","D019","2026-10-01","Pneumonia","Cefixime 200 mg","Follow up after 3 days"
"R012","P008","D022","2026-10-02","Urinary Tract Infection","Cefuroxime 500 mg","Follow up after 5 days"
"R013","P009","D025","2026-10-03","Hypertension","Ciprofloxacin 500 mg","Follow up after 3 days"
"R014","P010","D028","2026-10-04","Dehydration","Doxycycline 100 mg","Follow up after 5 days"
"R015","P011","D031","2026-10-05","Scabies","Metronidazole 400 mg","Follow up after 5 days"
"R016","P012","D034","2026-10-06","Dengue Fever","Clarithromycin 500 mg","Follow up after 14 days"
"R017","P013","D037","2026-10-07","Tonsillitis","Flucloxacillin 500 mg","Follow up after 5 days"
"R018","P014","D040","2026-10-08","Typhoid","Co-amoxiclav 625 mg","Follow up after 10 days"
"R019","P015","D043","2026-10-09","Hepatitis B","Nitrofurantoin 100 mg","Follow up after 5 days"
"R020","P016","D046","2026-10-10","Constipation","Acyclovir 400 mg","Follow up after 10 days"
"R021","P017","D049","2026-10-11","Dengue Fever","Albendazole 400 mg","Follow up after 10 days"
"R022","P018","D052","2026-10-12","Scabies","Fluconazole 150 mg","Follow up after 5 days"
"R023","P019","D055","2026-10-13","Gastritis","Cetirizine 10 mg","Follow up after 14 days"
"R024","P020","D058","2026-10-14","Dengue Fever","Loratadine 10 mg","Follow up after 10 days"
"R025","P021","D061","2026-10-15","Diabetes","Fexofenadine 120 mg","Follow up after 7 days"
"R026","P022","D064","2026-10-16","Depression","Montelukast 10 mg","Follow up after 3 days"
"R027","P023","D067","2026-10-17","Constipation","Salbutamol 4 mg","Follow up after 3 days"
"R028","P024","D070","2026-10-18","Chickenpox","Salbutamol Inhaler","Follow up after 10 days"
"R029","P025","D073","2026-10-19","Allergic Rhinitis","Budesonide Inhaler","Follow up after 5 days"
"R030","P026","D076","2026-10-20","Insomnia","Prednisolone 5 mg","Follow up after 5 days"
"R031","P027","D079","2026-10-21","Tonsillitis","Dexamethasone 0.5 mg","Follow up after 7 days"
"R032","P028","D082","2026-10-22","Diabetes","Hydrocortisone Cream 1%","Follow up after 3 days"
"R033","P029","D085","2026-10-23","Hepatitis B","Diclofenac 50 mg","Follow up after 3 days"
"R034","P030","D088","2026-10-24","Allergic Rhinitis","Ibuprofen 400 mg","Follow up after 10 days"
"R035","P031","D091","2026-09-25","Hepatitis B","Naproxen 250 mg","Follow up after 7 days"
"R036","P032","D094","2026-09-26","Allergic Rhinitis","Ketorolac 10 mg","Follow up after 7 days"
"R037","P033","D097","2026-09-27","Conjunctivitis","Tramadol 50 mg","Follow up after 14 days"
"R038","P034","D100","2026-09-28","Conjunctivitis","Pregabalin 75 mg","Follow up after 14 days"
"R039","P035","D003","2026-09-29","Dysentery","Gabapentin 300 mg","Follow up after 3 days"
"R040","P036","D006","2026-09-30","Tonsillitis","Amitriptyline 25 mg","Follow up after 7 days"
"R041","P037","D009","2026-10-01","Typhoid","Losartan 50 mg","Follow up after 14 days"
"R042","P038","D012","2026-10-02","Common Cold","Amlodipine 5 mg","Follow up after 5 days"
"R043","P039","D015","2026-10-03","Otitis Media","Atenolol 50 mg","Follow up after 3 days"
"R044","P040","D018","2026-10-04","Depression","Bisoprolol 5 mg","Follow up after 7 days"
"R045","P041","D021","2026-10-05","Hypertension","Metoprolol 50 mg","Follow up after 14 days"
"R046","P042","D024","2026-10-06","Allergic Rhinitis","Hydrochlorothiazide 25 mg","Follow up after 14 days"
"R047","P043","D027","2026-10-07","Migraine","Furosemide 40 mg","Follow up after 14 days"
"R048","P044","D030","2026-10-08","Scabies","Spironolactone 25 mg","Follow up after 14 days"
"R049","P045","D033","2026-10-09","Scabies","Atorvastatin 10 mg","Follow up after 3 days"
"R050","P046","D036","2026-10-10","Allergic Rhinitis","Rosuvastatin 10 mg","Follow up after 10 days"
"R051","P047","D039","2026-10-11","Allergic Rhinitis","Clopidogrel 75 mg","Follow up after 14 days"
"R052","P048","D042","2026-10-12","Gastritis","Isosorbide Mononitrate 20 mg","Follow up after 3 days"
"R053","P049","D045","2026-10-13","Typhoid","Metformin 500 mg","Follow up after 14 days"
"R054","P050","D048","2026-10-14","Anemia","Glimepiride 2 mg","Follow up after 14 days"
"R055","P051","D051","2026-10-15","Common Cold","Sitagliptin 100 mg","Follow up after 10 days"
"R056","P052","D054","2026-10-16","Constipation","Insulin Regular 100 IU/ml","Follow up after 7 days"
"R057","P053","D057","2026-10-17","Dengue Fever","Insulin Glargine 100 IU/ml","Follow up after 5 days"
"R058","P054","D060","2026-10-18","Acid Reflux","Levothyroxine 50 mcg","Follow up after 5 days"
"R059","P055","D063","2026-10-19","Dehydration","Carbimazole 5 mg","Follow up after 7 days"
"R060","P056","D066","2026-10-20","Dysentery","Domperidone 10 mg","Follow up after 3 days"
"R061","P057","D069","2026-10-21","Constipation","Ondansetron 4 mg","Follow up after 7 days"
"R062","P058","D072","2026-10-22","Dysentery","Loperamide 2 mg","Follow up after 10 days"
"R063","P059","D075","2026-10-23","Depression","Oral Rehydration Salts","Follow up after 5 days"
"R064","P060","D078","2026-10-24","Diabetes","Lactulose Syrup","Follow up after 10 days"
"R065","P061","D081","2026-09-25","Insomnia","Bisacodyl 5 mg","Follow up after 5 days"
"R066","P062","D084","2026-09-26","Dengue Fever","Antacid Suspension","Follow up after 7 days"
"R067","P063","D087","2026-09-27","Insomnia","Pantoprazole 40 mg","Follow up after 5 days"
"R068","P064","D090","2026-09-28","Arthritis","Esomeprazole 20 mg","Follow up after 7 days"
"R069","P065","D093","2026-09-29","Diabetes","Sucralfate Suspension","Follow up after 10 days"
"R070","P066","D096","2026-09-30","Allergic Rhinitis","Dicyclomine 10 mg","Follow up after 7 days"
"R071","P067","D099","2026-10-01","Asthma","Tamsulosin 0.4 mg","Follow up after 3 days"
"R072","P068","D002","2026-10-02","Common Cold","Finasteride 5 mg","Follow up after 3 days"
"R073","P069","D005","2026-10-03","Measles","Sildenafil 50 mg","Follow up after 10 days"
"R074","P070","D008","2026-10-04","Diabetes","Ferrous Sulfate 200 mg","Follow up after 7 days"
"R075","P071","D011","2026-10-05","Urinary Tract Infection","Folic Acid 5 mg","Follow up after 7 days"
"R076","P072","D014","2026-10-06","Typhoid","Calcium Carbonate 500 mg","Follow up after 5 days"
"R077","P073","D017","2026-10-07","Migraine","Vitamin D3 20000 IU","Follow up after 7 days"
"R078","P074","D020","2026-10-08","Pneumonia","Vitamin B Complex","Follow up after 14 days"
"R079","P075","D023","2026-10-09","Arthritis","Zinc Sulfate 20 mg","Follow up after 3 days"
"R080","P076","D026","2026-10-10","Allergic Rhinitis","Multivitamin Syrup","Follow up after 3 days"
"R081","P077","D029","2026-10-11","Scabies","Vitamin C 500 mg","Follow up after 5 days"
"R082","P078","D032","2026-10-12","Otitis Media","Potassium Chloride 600 mg","Follow up after 14 days"
"R083","P079","D035","2026-10-13","Typhoid","Magnesium Oxide 400 mg","Follow up after 14 days"
"R084","P080","D038","2026-10-14","Acid Reflux","Tranexamic Acid 500 mg","Follow up after 3 days"
"R085","P081","D041","2026-10-15","Dengue Fever","Ethamsylate 500 mg","Follow up after 14 days"
"R086","P082","D044","2026-10-16","Acid Reflux","Medroxyprogesterone 10 mg","Follow up after 5 days"
"R087","P083","D047","2026-10-17","Otitis Media","Combined Oral Contraceptive","Follow up after 10 days"
"R088","P084","D050","2026-10-18","Dengue Fever","Clotrimazole Cream 1%","Follow up after 7 days"
"R089","P085","D053","2026-10-19","Insomnia","Mupirocin Ointment 2%","Follow up after 5 days"
"R090","P086","D056","2026-10-20","Arthritis","Permethrin Lotion 5%","Follow up after 10 days"
"R091","P087","D059","2026-10-21","Gastritis","Ketoconazole Shampoo 2%","Follow up after 14 days"
"R092","P088","D062","2026-10-22","Arthritis","Benzoyl Peroxide Gel 2.5%","Follow up after 3 days"
"R093","P089","D065","2026-10-23","Insomnia","Adapalene Gel 0.1%","Follow up after 3 days"
"R094","P090","D068","2026-10-24","Food Poisoning","Artificial Tears Eye Drops","Follow up after 10 days"
"R095","P091","D071","2026-09-25","Diabetes","Chloramphenicol Eye Drops","Follow up after 5 days"
"R096","P092","D074","2026-09-26","Constipation","Moxifloxacin Eye Drops","Follow up after 7 days"
"R097","P093","D077","2026-09-27","Asthma","Ciprofloxacin Ear Drops","Follow up after 14 days"
"R098","P094","D080","2026-09-28","Common Cold","Xylometazoline Nasal Drops","Follow up after 14 days"
"R099","P095","D083","2026-09-29","Constipation","Povidone Iodine Solution","Follow up after 10 days"
"R100","P096","D086","2026-09-30","Acid Reflux","Chlorhexidine Mouthwash","Follow up after 5 days"
