"HRH001","R001","1","Created","P001","D001","2026-09-20","Fever","Paracetamol","Follow up after 3 days"
"HRH002","R002","1","Created","P002","D002","2026-09-21","Hypertension","Losartan 50 mg","Check BP daily"
"HRH003","R003","1","Created","P003","D003","2026-09-22","Diabetes","Metformin 500 mg","Monitor blood sugar"
"HRH004","R004","1","Created","P004","D004","2026-09-23","Asthma","Salbutamol Inhaler","Avoid dust and pollen"
"HRH005","R005","1","Created","P001","D001","2026-09-25","Depression","Paracetamol 500 mg","Follow up after 14 days"
"HRH006","R006","1","Created","P002","D004","2026-09-26","Conjunctivitis","Aspirin 75 mg","Follow up after 7 days"
"HRH007","R007","1","Created","P003","D007","2026-09-27","Migraine","Omeprazole 20 mg","Follow up after 14 days"
"HRH008","R008","1","Created","P004","D010","2026-09-28","Conjunctivitis","Napa 500 mg","Follow up after 5 days"
"HRH009","R009","1","Created","P005","D013","2026-09-29","Jaundice","Amoxicillin 500 mg","Follow up after 14 days"
"HRH010","R010","1","Created","P006","D016","2026-09-30","Dengue Fever","Azithromycin 500 mg","Follow up after 3 days"
"HRH011","R011","1","Created","P007","D019","2026-10-01","Pneumonia","Cefixime 200 mg","Follow up after 3 days"
"HRH012","R012","1","Created","P008","D022","2026-10-02","Urinary Tract Infection","Cefuroxime 500 mg","Follow up after 5 days"
"HRH013","R013","1","Created","P009","D025","2026-10-03","Hypertension","Ciprofloxacin 500 mg","Follow up after 3 days"
"HRH014","R014","1","Created","P010","D028","2026-10-04","Dehydration","Doxycycline 100 mg","Follow up after 5 days"
"HRH015","R015","1","Created","P011","D031","2026-10-05","Scabies","Metronidazole 400 mg","Follow up after 5 days"
"HRH016","R016","1","Created","P012","D034","2026-10-06","Dengue Fever","Clarithromycin 500 mg","Follow up after 14 days"
"HRH017","R017","1","Created","P013","D037","2026-10-07","Tonsillitis","Flucloxacillin 500 mg","Follow up after 5 days"
"HRH018","R018","1","Created","P014","D040","2026-10-08","Typhoid","Co-amoxiclav 625 mg","Follow up after 10 days"
"HRH019","R019","1","Created","P015","D043","2026-10-09","Hepatitis B","Nitrofurantoin 100 mg","Follow up after 5 days"
"HRH020","R020","1","Created","P016","D046","2026-10-10","Constipation","Acyclovir 400 mg","Follow up after 10 days"
"HRH021","R021","1","Created","P017","D049","2026-10-11","Dengue Fever","Albendazole 400 mg","Follow up after 10 days"
"HRH022","R022","1","Created","P018","D052","2026-10-12","Scabies","Fluconazole 150 mg","Follow up after 5 days"
"HRH023","R023","1","Created","P019","D055","2026-10-13","Gastritis","Cetirizine 10 mg","Follow up after 14 days"
"HRH024","R024","1","Created","P020","D058","2026-10-14","Dengue Fever","Loratadine 10 mg","Follow up after 10 days"
"HRH025","R025","1","Created","P021","D061","2026-10-15","Diabetes","Fexofenadine 120 mg","Follow up after 7 days"
"HRH026","R026","1","Created","P022","D064","2026-10-16","Depression","Montelukast 10 mg","Follow up after 3 days"
"HRH027","R027","1","Created","P023","D067","2026-10-17","Constipation","Salbutamol 4 mg","Follow up after 3 days"
"HRH028","R028","1","Created","P024","D070","2026-10-18","Chickenpox","Salbutamol Inhaler","Follow up after 10 days"
"HRH029","R029","1","Created","P025","D073","2026-10-19","Allergic Rhinitis","Budesonide Inhaler","Follow up after 5 days"
"HRH030","R030","1","Created","P026","D076","2026-10-20","Insomnia","Prednisolone 5 mg","Follow up after 5 days"
"HRH031","R031","1","Created","P027","D079","2026-10-21","Tonsillitis","Dexamethasone 0.5 mg","Follow up after 7 days"
"HRH032","R032","1","Created","P028","D082","2026-10-22","Diabetes","Hydrocortisone Cream 1%","Follow up after 3 days"
"HRH033","R033","1","Created","P029","D085","2026-10-23","Hepatitis B","Diclofenac 50 mg","Follow up after 3 days"
"HRH034","R034","1","Created","P030","D088","2026-10-24","Allergic Rhinitis","Ibuprofen 400 mg","Follow up after 10 days"
"HRH035","R035","1","Created","P031","D091","2026-09-25","Hepatitis B","Naproxen 250 mg","Follow up after 7 days"
"HRH036","R036","1","Created","P032","D094","2026-09-26","Allergic Rhinitis","Ketorolac 10 mg","Follow up after 7 days"
"HRH037","R037","1","Created","P033","D097","2026-09-27","Conjunctivitis","Tramadol 50 mg","Follow up after 14 days"
"HRH038","R038","1","Created","P034","D100","2026-09-28","Conjunctivitis","Pregabalin 75 mg","Follow up after 14 days"
"HRH039","R039","1","Created","P035","D003","2026-09-29","Dysentery","Gabapentin 300 mg","Follow up after 3 days"
"HRH040","R040","1","Created","P036","D006","2026-09-30","Tonsillitis","Amitriptyline 25 mg","Follow up after 7 days"
"HRH041","R041","1","Created","P037","D009","2026-10-01","Typhoid","Losartan 50 mg","Follow up after 14 days"
"HRH042","R042","1","Created","P038","D012","2026-10-02","Common Cold","Amlodipine 5 mg","Follow up after 5 days"
"HRH043","R043","1","Created","P039","D015","2026-10-03","Otitis Media","Atenolol 50 mg","Follow up after 3 days"
"HRH044","R044","1","Created","P040","D018","2026-10-04","Depression","Bisoprolol 5 mg","Follow up after 7 days"
"HRH045","R045","1","Created","P041","D021","2026-10-05","Hypertension","Metoprolol 50 mg","Follow up after 14 days"
"HRH046","R046","1","Created","P042","D024","2026-10-06","Allergic Rhinitis","Hydrochlorothiazide 25 mg","Follow up after 14 days"
"HRH047","R047","1","Created","P043","D027","2026-10-07","Migraine","Furosemide 40 mg","Follow up after 14 days"
"HRH048","R048","1","Created","P044","D030","2026-10-08","Scabies","Spironolactone 25 mg","Follow up after 14 days"
"HRH049","R049","1","Created","P045","D033","2026-10-09","Scabies","Atorvastatin 10 mg","Follow up after 3 days"
"HRH050","R050","1","Created","P046","D036","2026-10-10","Allergic Rhinitis","Rosuvastatin 10 mg","Follow up after 10 days"
"HRH051","R051","1","Created","P047","D039","2026-10-11","Allergic Rhinitis","Clopidogrel 75 mg","Follow up after 14 days"
"HRH052","R052","1","Created","P048","D042","2026-10-12","Gastritis","Isosorbide Mononitrate 20 mg","Follow up after 3 days"
"HRH053","R053","1","Created","P049","D045","2026-10-13","Typhoid","Metformin 500 mg","Follow up after 14 days"
"HRH054","R054","1","Created","P050","D048","2026-10-14","Anemia","Glimepiride 2 mg","Follow up after 14 days"
"HRH055","R055","1","Created","P051","D051","2026-10-15","Common Cold","Sitagliptin 100 mg","Follow up after 10 days"
"HRH056","R056","1","Created","P052","D054","2026-10-16","Constipation","Insulin Regular 100 IU/ml","Follow up after 7 days"
"HRH057","R057","1","Created","P053","D057","2026-10-17","Dengue Fever","Insulin Glargine 100 IU/ml","Follow up after 5 days"
"HRH058","R058","1","Created","P054","D060","2026-10-18","Acid Reflux","Levothyroxine 50 mcg","Follow up after 5 days"
"HRH059","R059","1","Created","P055","D063","2026-10-19","Dehydration","Carbimazole 5 mg","Follow up after 7 days"
"HRH060","R060","1","Created","P056","D066","2026-10-20","Dysentery","Domperidone 10 mg","Follow up after 3 days"
"HRH061","R061","1","Created","P057","D069","2026-10-21","Constipation","Ondansetron 4 mg","Follow up after 7 days"
"HRH062","R062","1","Created","P058","D072","2026-10-22","Dysentery","Loperamide 2 mg","Follow up after 10 days"
"HRH063","R063","1","Created","P059","D075","2026-10-23","Depression","Oral Rehydration Salts","Follow up after 5 days"
"HRH064","R064","1","Created","P060","D078","2026-10-24","Diabetes","Lactulose Syrup","Follow up after 10 days"
"HRH065","R065","1","Created","P061","D081","2026-09-25","Insomnia","Bisacodyl 5 mg","Follow up after 5 days"
"HRH066","R066","1","Created","P062","D084","2026-09-26","Dengue Fever","Antacid Suspension","Follow up after 7 days"
"HRH067","R067","1","Created","P063","D087","2026-09-27","Insomnia","Pantoprazole 40 mg","Follow up after 5 days"
"HRH068","R068","1","Created","P064","D090","2026-09-28","Arthritis","Esomeprazole 20 mg","Follow up after 7 days"
"HRH069","R069","1","Created","P065","D093","2026-09-29","Diabetes","Sucralfate Suspension","Follow up after 10 days"
"HRH070","R070","1","Created","P066","D096","2026-09-30","Allergic Rhinitis","Dicyclomine 10 mg","Follow up after 7 days"
"HRH071","R071","1","Created","P067","D099","2026-10-01","Asthma","Tamsulosin 0.4 mg","Follow up after 3 days"
"HRH072","R072","1","Created","P068","D002","2026-10-02","Common Cold","Finasteride 5 mg","Follow up after 3 days"
"HRH073","R073","1","Created","P069","D005","2026-10-03","Measles","Sildenafil 50 mg","Follow up after 10 days"
"HRH074","R074","1","Created","P070","D008","2026-10-04","Diabetes","Ferrous Sulfate 200 mg","Follow up after 7 days"
"HRH075","R075","1","Created","P071","D011","2026-10-05","Urinary Tract Infection","Folic Acid 5 mg","Follow up after 7 days"
"HRH076","R076","1","Created","P072","D014","2026-10-06","Typhoid","Calcium Carbonate 500 mg","Follow up after 5 days"
"HRH077","R077","1","Created","P073","D017","2026-10-07","Migraine","Vitamin D3 20000 IU","Follow up after 7 days"
"HRH078","R078","1","Created","P074","D020","2026-10-08","Pneumonia","Vitamin B Complex","Follow up after 14 days"
"HRH079","R079","1","Created","P075","D023","2026-10-09","Arthritis","Zinc Sulfate 20 mg","Follow up after 3 days"
"HRH080","R080","1","Created","P076","D026","2026-10-10","Allergic Rhinitis","Multivitamin Syrup","Follow up after 3 days"
"HRH081","R081","1","Created","P077","D029","2026-10-11","Scabies","Vitamin C 500 mg","Follow up after 5 days"
"HRH082","R082","1","Created","P078","D032","2026-10-12","Otitis Media","Potassium Chloride 600 mg","Follow up after 14 days"
"HRH083","R083","1","Created","P079","D035","2026-10-13","Typhoid","Magnesium Oxide 400 mg","Follow up after 14 days"
"HRH084","R084","1","Created","P080","D038","2026-10-14","Acid Reflux","Tranexamic Acid 500 mg","Follow up after 3 days"
"HRH085","R085","1","Created","P081","D041","2026-10-15","Dengue Fever","Ethamsylate 500 mg","Follow up after 14 days"
"HRH086","R086","1","Created","P082","D044","2026-10-16","Acid Reflux","Medroxyprogesterone 10 mg","Follow up after 5 days"
"HRH087","R087","1","Created","P083","D047","2026-10-17","Otitis Media","Combined Oral Contraceptive","Follow up after 10 days"
"HRH088","R088","1","Created","P084","D050","2026-10-18","Dengue Fever","Clotrimazole Cream 1%","Follow up after 7 days"
"HRH089","R089","1","Created","P085","D053","2026-10-19","Insomnia","Mupirocin Ointment 2%","Follow up after 5 days"
"HRH090","R090","1","Created","P086","D056","2026-10-20","Arthritis","Permethrin Lotion 5%","Follow up after 10 days"
"HRH091","R091","1","Created","P087","D059","2026-10-21","Gastritis","Ketoconazole Shampoo 2%","Follow up after 14 days"
"HRH092","R092","1","Created","P088","D062","2026-10-22","Arthritis","Benzoyl Peroxide Gel 2.5%","Follow up after 3 days"
"HRH093","R093","1","Created","P089","D065","2026-10-23","Insomnia","Adapalene Gel 0.1%","Follow up after 3 days"
"HRH094","R094","1","Created","P090","D068","2026-10-24","Food Poisoning","Artificial Tears Eye Drops","Follow up after 10 days"
"HRH095","R095","1","Created","P091","D071","2026-09-25","Diabetes","Chloramphenicol Eye Drops","Follow up after 5 days"
"HRH096","R096","1","Created","P092","D074","2026-09-26","Constipation","Moxifloxacin Eye Drops","Follow up after 7 days"
"HRH097","R097","1","Created","P093","D077","2026-09-27","Asthma","Ciprofloxacin Ear Drops","Follow up after 14 days"
"HRH098","R098","1","Created","P094","D080","2026-09-28","Common Cold","Xylometazoline Nasal Drops","Follow up after 14 days"
"HRH099","R099","1","Created","P095","D083","2026-09-29","Constipation","Povidone Iodine Solution","Follow up after 10 days"
"HRH100","R100","1","Created","P096","D086","2026-09-30","Acid Reflux","Chlorhexidine Mouthwash","Follow up after 5 days"
