"PR001","P001","D001","2026-09-20","M001","Paracetamol 500 mg","1+1+1","After meals"
"PR002","P002","D002","2026-09-21","M037","Losartan 50 mg","1+0+1","With food"
"PR003","P003","D003","2026-09-22","M049","Metformin 500 mg","1+0+1","After breakfast and dinner"
"PR004","P004","D004","2026-09-23","M024","Salbutamol Inhaler","2 puffs SOS","Use when breathing difficulty"
"PR005","P001","D001","2026-09-25","M001","Paracetamol 500 mg","1+1+1","Twice daily"
"PR006","P002","D004","2026-09-26","M002","Aspirin 75 mg","0+1+1","With food"
"PR007","P003","D007","2026-09-27","M003","Omeprazole 20 mg","0+1+1","After meals"
"PR008","P004","D010","2026-09-28","M004","Napa 500 mg","1+1+1","Before bed"
"PR009","P005","D013","2026-09-29","M005","Amoxicillin 500 mg","0+0+1","Before meals"
"PR010","P006","D016","2026-09-30","M006","Azithromycin 500 mg","1+1+1","Twice daily"
"PR011","P007","D019","2026-10-01","M007","Cefixime 200 mg","2+0+1","Twice daily"
"PR012","P008","D022","2026-10-02","M008","Cefuroxime 500 mg","0+1+1","With food"
"PR013","P009","D025","2026-10-03","M009","Ciprofloxacin 500 mg","1+0+0","With food"
"PR014","P010","D028","2026-10-04","M010","Doxycycline 100 mg","1+1+1","SOS"
"PR015","P011","D031","2026-10-05","M011","Metronidazole 400 mg","2+0+1","After breakfast and dinner"
"PR016","P012","D034","2026-10-06","M012","Clarithromycin 500 mg","2+0+1","Before bed"
"PR017","P013","D037","2026-10-07","M013","Flucloxacillin 500 mg","0+0+1","After breakfast and dinner"
"PR018","P014","D040","2026-10-08","M014","Co-amoxiclav 625 mg","2+0+1","Twice daily"
"PR019","P015","D043","2026-10-09","M015","Nitrofurantoin 100 mg","2+0+1","With food"
"PR020","P016","D046","2026-10-10","M016","Acyclovir 400 mg","0+0+1","After meals"
"PR021","P017","D049","2026-10-11","M017","Albendazole 400 mg","0+0+1","After breakfast and dinner"
"PR022","P018","D052","2026-10-12","M018","Fluconazole 150 mg","0+1+1","SOS"
"PR023","P019","D055","2026-10-13","M019","Cetirizine 10 mg","2+0+1","Before bed"
"PR024","P020","D058","2026-10-14","M020","Loratadine 10 mg","1+1+1","After breakfast and dinner"
"PR025","P021","D061","2026-10-15","M021","Fexofenadine 120 mg","1+0+0","SOS"
"PR026","P022","D064","2026-10-16","M022","Montelukast 10 mg","1+0+1","Empty stomach"
"PR027","P023","D067","2026-10-17","M023","Salbutamol 4 mg","1+1+1","After meals"
"PR028","P024","D070","2026-10-18","M024","Salbutamol Inhaler","0+1+1","Before bed"
"PR029","P025","D073","2026-10-19","M025","Budesonide Inhaler","0+1+1","Twice daily"
"PR030","P026","D076","2026-10-20","M026","Prednisolone 5 mg","1+0+1","After meals"
"PR031","P027","D079","2026-10-21","M027","Dexamethasone 0.5 mg","1+0+0","Before meals"
"PR032","P028","D082","2026-10-22","M028","Hydrocortisone Cream 1%","1+0+1","Twice daily"
"PR033","P029","D085","2026-10-23","M029","Diclofenac 50 mg","1+1+1","Twice daily"
"PR034","P030","D088","2026-10-24","M030","Ibuprofen 400 mg","2+0+1","Before meals"
"PR035","P031","D091","2026-09-25","M031","Naproxen 250 mg","2+0+1","After breakfast and dinner"
"PR036","P032","D094","2026-09-26","M032","Ketorolac 10 mg","2+0+1","Before bed"
"PR037","P033","D097","2026-09-27","M033","Tramadol 50 mg","2+0+1","After meals"
"PR038","P034","D100","2026-09-28","M034","Pregabalin 75 mg","2+0+1","SOS"
"PR039","P035","D003","2026-09-29","M035","Gabapentin 300 mg","1+0+0","Twice daily"
"PR040","P036","D006","2026-09-30","M036","Amitriptyline 25 mg","1+0+0","Before meals"
"PR041","P037","D009","2026-10-01","M037","Losartan 50 mg","1+0+0","Before meals"
"PR042","P038","D012","2026-10-02","M038","Amlodipine 5 mg","0+0+1","With food"
"PR043","P039","D015","2026-10-03","M039","Atenolol 50 mg","0+1+1","Empty stomach"
"PR044","P040","D018","2026-10-04","M040","Bisoprolol 5 mg","0+1+1","With food"
"PR045","P041","D021","2026-10-05","M041","Metoprolol 50 mg","0+1+1","Before meals"
"PR046","P042","D024","2026-10-06","M042","Hydrochlorothiazide 25 mg","1+0+0","Before meals"
"PR047","P043","D027","2026-10-07","M043","Furosemide 40 mg","2+0+1","After breakfast and dinner"
"PR048","P044","D030","2026-10-08","M044","Spironolactone 25 mg","2+0+1","Twice daily"
"PR049","P045","D033","2026-10-09","M045","Atorvastatin 10 mg","0+1+1","After breakfast and dinner"
"PR050","P046","D036","2026-10-10","M046","Rosuvastatin 10 mg","0+1+1","With food"
"PR051","P047","D039","2026-10-11","M047","Clopidogrel 75 mg","1+0+1","Twice daily"
"PR052","P048","D042","2026-10-12","M048","Isosorbide Mononitrate 20 mg","0+1+1","Before meals"
"PR053","P049","D045","2026-10-13","M049","Metformin 500 mg","1+0+1","After breakfast and dinner"
"PR054","P050","D048","2026-10-14","M050","Glimepiride 2 mg","1+0+0","Before bed"
"PR055","P051","D051","2026-10-15","M051","Sitagliptin 100 mg","0+1+1","Before meals"
"PR056","P052","D054","2026-10-16","M052","Insulin Regular 100 IU/ml","1+1+1","Twice daily"
"PR057","P053","D057","2026-10-17","M053","Insulin Glargine 100 IU/ml","0+0+1","Twice daily"
"PR058","P054","D060","2026-10-18","M054","Levothyroxine 50 mcg","1+1+1","Before bed"
"PR059","P055","D063","2026-10-19","M055","Carbimazole 5 mg","0+1+1","Twice daily"
"PR060","P056","D066","2026-10-20","M056","Domperidone 10 mg","1+1+1","After meals"
"PR061","P057","D069","2026-10-21","M057","Ondansetron 4 mg","1+1+1","Before meals"
"PR062","P058","D072","2026-10-22","M058","Loperamide 2 mg","0+1+1","After meals"
"PR063","P059","D075","2026-10-23","M059","Oral Rehydration Salts","1+1+1","With food"
"PR064","P060","D078","2026-10-24","M060","Lactulose Syrup","2+0+1","Before meals"
"PR065","P061","D081","2026-09-25","M061","Bisacodyl 5 mg","0+1+1","Before meals"
"PR066","P062","D084","2026-09-26","M062","Antacid Suspension","0+1+1","With food"
"PR067","P063","D087","2026-09-27","M063","Pantoprazole 40 mg","0+1+1","With food"
"PR068","P064","D090","2026-09-28","M064","Esomeprazole 20 mg","1+1+1","Empty stomach"
"PR069","P065","D093","2026-09-29","M065","Sucralfate Suspension","0+0+1","After breakfast and dinner"
"PR070","P066","D096","2026-09-30","M066","Dicyclomine 10 mg","1+0+1","Twice daily"
"PR071","P067","D099","2026-10-01","M067","Tamsulosin 0.4 mg","1+0+0","After meals"
"PR072","P068","D002","2026-10-02","M068","Finasteride 5 mg","1+0+0","After meals"
"PR073","P069","D005","2026-10-03","M069","Sildenafil 50 mg","0+1+1","Before bed"
"PR074","P070","D008","2026-10-04","M070","Ferrous Sulfate 200 mg","0+1+1","Before meals"
"PR075","P071","D011","2026-10-05","M071","Folic Acid 5 mg","1+1+1","After meals"
"PR076","P072","D014","2026-10-06","M072","Calcium Carbonate 500 mg","1+0+0","SOS"
"PR077","P073","D017","2026-10-07","M073","Vitamin D3 20000 IU","1+0+1","With food"
"PR078","P074","D020","2026-10-08","M074","Vitamin B Complex","1+1+1","Empty stomach"
"PR079","P075","D023","2026-10-09","M075","Zinc Sulfate 20 mg","0+1+1","Empty stomach"
"PR080","P076","D026","2026-10-10","M076","Multivitamin Syrup","0+0+1","Before bed"
"PR081","P077","D029","2026-10-11","M077","Vitamin C 500 mg","1+0+0","Before bed"
"PR082","P078","D032","2026-10-12","M078","Potassium Chloride 600 mg","0+0+1","With food"
"PR083","P079","D035","2026-10-13","M079","Magnesium Oxide 400 mg","0+0+1","After breakfast and dinner"
"PR084","P080","D038","2026-10-14","M080","Tranexamic Acid 500 mg","1+0+0","After meals"
"PR085","P081","D041","2026-10-15","M081","Ethamsylate 500 mg","1+0+1","SOS"
"PR086","P082","D044","2026-10-16","M082","Medroxyprogesterone 10 mg","1+0+1","With food"
"PR087","P083","D047","2026-10-17","M083","Combined Oral Contraceptive","1+1+1","After meals"
"PR088","P084","D050","2026-10-18","M084","Clotrimazole Cream 1%","1+0+1","Twice daily"
"PR089","P085","D053","2026-10-19","M085","Mupirocin Ointment 2%","0+1+1","After breakfast and dinner"
"PR090","P086","D056","2026-10-20","M086","Permethrin Lotion 5%","1+1+1","SOS"
"PR091","P087","D059","2026-10-21","M087","Ketoconazole Shampoo 2%","2+0+1","After meals"
"PR092","P088","D062","2026-10-22","M088","Benzoyl Peroxide Gel 2.5%","1+1+1","After breakfast and dinner"
"PR093","P089","D065","2026-10-23","M089","Adapalene Gel 0.1%","2+0+1","SOS"
"PR094","P090","D068","2026-10-24","M090","Artificial Tears Eye Drops","0+1+1","SOS"
"PR095","P091","D071","2026-09-25","M091","Chloramphenicol Eye Drops","1+0+1","Twice daily"
"PR096","P092","D074","2026-09-26","M092","Moxifloxacin Eye Drops","1+0+1","With food"
"PR097","P093","D077","2026-09-27","M093","Ciprofloxacin Ear Drops","1+0+0","Before bed"
"PR098","P094","D080","2026-09-28","M094","Xylometazoline Nasal Drops","1+0+1","Twice daily"
"PR099","P095","D083","2026-09-29","M095","Povidone Iodine Solution","1+0+1","After meals"
"PR100","P096","D086","2026-09-30","M096","Chlorhexidine Mouthwash","1+0+1","After breakfast and dinner"
